"#","#","*","-","-","-","(Last updated: August 2026)","","Sardinia 2026","","","","","","","","","Austria 2025","","","","","","","","","Sardinia 2025","","","","","","","","","AC 2024","","","","","","","","","Sardinia 2024","","","","","","","","","WC 2023","","","","","","","","","AC 2019","","","","","","","","","AC 2017","","","","","","","","","EC 2017","","","","","","","","","WC 2016","","IC 2015","","","","","","","","WC 2014","","WC 2013","",""
"","","","Name","Player","Team","Continent","","100%","","","S-R","","","","","BP","100%","","","S-R","","","","","","75%","","","S-R","","","","","","75%","","","S-R","","","","","","50%","","","S-R","","","","","","62%","","","S-R","","","","","","10%","","","S-R","","","","","","1%","","","S-R","","","","","","1%","","","S-R","","","","","","28%","","1%","","","","","","","","12%","","5%","",""
"1","1","*","Olivian","Surugiu","Romania","Europe","2180","1","500","500","S","1,0","8","8","8","","3","190","190","S","0,7","7","5","4","0","","","","","","","","","","","","","","","","","","","1","250","250","S","1,0","7","7","7","0","1","1240","1240","S","1,0","8","8","8","0","","","","","","","","","","","","","","","","","","","","","","","","","","","","","","","","","","","","","","","","","",""
"1","1","*","Victoras","Popescu","Romania","Europe","2180","1","500","500","S","1,0","8","8","8","","3","190","190","S","0,7","7","5","4","0","","","","","","","","","","","","","","","","","","","1","250","250","S","1,0","7","7","7","0","1","1240","1240","S","0,9","8","7","7","0","","","","","","","","","","","","","","","","","","","","","","","","","","","","","","","","","","","","","","","","","",""
"2","2","","Sebastián","Sanroman","Uruguay","America","1700,8","","","","","","","","","","","","","","","","","","","","","","","","","","","","1","750","750","S","1,0","6","6","6","0","","","","","","","","","","2","744","744","S","1,0","8","8","6","0","1","100","100","S","1,0","6","6","5","0","2","6","6","S","1,0","7,0","7","6","0","","","","","","","","","","4F","100,8","","","","","","","","","","","","",""
"2","2","","Eddy","Bueno","Uruguay","America","1700,8","","","","","","","","","","","","","","","","","","","","","","","","","","","","1","750","750","S","1,0","6","6","6","0","","","","","","","","","","2","744","744","S","1,0","8","8","6","0","1","100","100","S","1,0","6","6","5","0","2","6","6","S","1,0","7,0","7","6","0","","","","","","","","","","4F","100,8","","","","","","","","","","","","",""
"3","3","*","Fidelio","Santiago","Spain","Europe","1618","3","190","190","S","1,0","8","8","6","","1","500","500","S","0,7","7","5","5","0","1","375","375","S","1,0","8","8","8","0","","","","","","","","","","2","150","150","S","1,0","7","7","6","0","4","403","403","S","0,8","8","6","5","0","","","","","","","","","","","","","","","","","","","","","","","","","","","","","","","","","","","","","","","","","",""
"3","3","*","Javier","Asensio","Spain","Europe","1618","3","190","190","S","1,0","8","8","6","","1","500","500","S","0,9","7","6","6","0","1","375","375","S","1,0","8","8","8","0","","","","","","","","","","2","150","150","S","1,0","7","7","6","0","4","403","403","S","0,5","8","4","4","0","","","","","","","","","","","","","","","","","","","","","","","","","","","","","","","","","","","","","","","","","",""
"4","4","","Gonzalo","Maidana","Argentina","America","1463,4","","","","","","","","","","","","","","","","","","","2","225","225","S","1,0","8","8","6","0","2","450","450","S","1,0","6","6","5","0","3","95","95","S","1,0","7","7","6","0","4F","223,2","223,2","S","1,0","6","6","4","0","2","60","60","S","1,0","6","6","5","0","1","10","10","S","1,0","7,0","7","6","0","","","","","","","","","","2","336","2","3","3","1,0","7","7","6","0","4F","43,2","4F","18",""
"5","5","","Juan Alberto","Ramón","Spain","Europe","1300","","","","","","","","","","1","500","500","S","0,9","7","6","6","0","","","","","","","","","","","","","","","","","","","","","","","","","","","","","","","","","","","","","","","","","","","","","","","","","","","","","","","","","","","","","","","","1","560","","","","","","","","","1","240","","",""
"6","6","","Tomás","Labayen","Argentina","America","1098,9","","","","","","","","","","","","","","","","","","","","","","","","","","","","2","450","450","S","0,7","6","4","4","0","","","","","","","","","","4F","223,2","223,2","S","0,8","6","5","4","0","2","60","60","S","1,0","6","6","5","0","1","10","10","S","0,9","7,0","6","5","0","","","","","","","","","","2","336","4","1,7","1,7","1,0","7","7","5","0","","","4F","18",""
"7","7","*","Guilherme","Henriques","Portugal","Europe","969,3","4F","90","90","S","1,0","6","6","3","","2","300","300","S","0,7","7","5","2","0","4F","67,5","67,5","S","1,0","6","6","4","0","","","","","","","","","","4F","45","45","S","1,0","5","5","3","0","3","465","465","S","1,0","8","8","7","0","","","","","","","","","","","","","","","","","","","4F","1,8","1,8","S","0,5","4,0","2","1","0","","","","","","","","","","","","","","",""
"8","8","","Ricardo","Marques","Portugal","Europe","850","","","","","","","","","","2","300","300","S","0,9","7","6","4","0","","","","","","","","","","","","","","","","","","","4","85","85","S","1,0","7","7","5","0","3","465","465","S","1,0","8","8","7","0","","","","","","","","","","","","","","","","","","","","","","","","","","","","","","","","","","","","","","","","","",""
"9","","","Juan Miguel","Hernández","Spain","Europe","810","","","","","","","","","","","","","","","","","","","","","","","","","","","","","","","","","","","","","","","","","","","","","","","","","","","","","","","","","","","","","","","","","","","","","","","","","1","10","10","S","1,0","6,0","6","6","0","1","560","","","","","","","","","1","240","","",""
"10","9","","Salem","Al-Marri","Qatar","Asia","768,2","","","","","","","","","","4F","90","90","S","1,0","6","6","3","0","2","225","225","S","1,0","8","8","6","0","4F","135","135","S","1,0","4","4","2","0","3","95","95","S","1,0","7","7","6","0","4F","223,2","223,2","S","1,0","6","6","4","0","","","","","","","","","","","","","","","","","","","","","","","","","","","","","","","","","","","","","","","","","",""
"11","10","","Rafael","Vasile","Romania","Europe","724,55","","","","","","","","","","","","","","","","","","","","","","","","","","","","","","","","","","","","","","","","","","","","","","1","620","1240","R","0,1","8","1","1","0","","","","","","","","","","","","","","","","","","","3","3,75","3,75","S","1,0","6,0","6","4","0","4F","100,8","","","","","","","","","","","","",""
"12","11","","Mihai","Tiplic","Romania","Europe","687,99","","","","","","","","","","","","","","","","","","","4F","67,5","67,5","S","1,0","6","6","3","0","","","","","","","","","","","","","","","","","","","1","620","1240","R","0,1","8","1","1","0","","","","","","","","","","","","","","","","","","","FG","0,49","0,45","S","1,0","3,0","3","1","0,04","","","","","","","","","","","","","","",""
"13","12","*","Adrian","Catruna","Romania","Europe","632,5","2","300","300","S","0,0","8","","","","3","190","190","S","0,7","7","5","5","0","3","142,5","142,5","S","1,0","8","8","7","0","","","","","","","","","","","","","","","","","","","","","","","","","","","","","","","","","","","","","","","","","","","","","","","","","","","","","","","","","","","0","1,0","4","4","0","0","","","","",""
"13","12","*","Floris","Stanculea","Romania","Europe","632,5","2","300","300","S","0,0","8","","","","3","190","190","S","0,7","7","5","5","0","3","142,5","142,5","S","1,0","8","8","7","0","","","","","","","","","","","","","","","","","","","","","","","","","","","","","","","","","","","","","","","","","","","","","","","","","","","","","","","","","","","0","1,0","4","4","0","0","","","","",""
"14","13","*","Mubarak","Al-Muhazaa","Qatar","Asia","605,7","4F","90","90","S","1,0","6","6","3","","4F","90","90","S","0,7","6","4","3","0","4F","67,5","67,5","S","1,0","6","6","4","0","4F","135","135","S","0,5","4","2","2","0","","","","","","","","","","4F","223,2","223,2","S","0,8","6","5","3","0","","","","","","","","","","","","","","","","","","","","","","","","","","","","","","","","","","","","","","","","","",""
"15","","","Miguel Ángel","Barceló","Spain","Europe","600,0","","","","","","","","","","","","","","","","","","","","","","","","","","","","","","","","","","","","","","","","","","","","","","","","","","","","","","","","","","","","","","","","","","","","","","","","","1","10,0","10","S","1,0","6,0","6","6","0","1","500","","","","","","","","","3","90","","",""
"16","14","*","Simone","Angilletta","Italy","Europe","595,7","4","170","170","S","1,0","8","8","5","","4F","90","90","S","0,7","6","4","2","0","4F","67,5","67,5","S","1,0","6","6","5","0","","","","","","","","","","4F","45","45","S","1,0","5","5","4","0","4F","223,2","223,2","S","1,0","6","6","3","0","","","","","","","","","","","","","","","","","","","","","","","","","","","","","","","","","","","","","","","","","",""
"17","15","*","Alessandro","Vender","Italy","Europe","515,7","4F","90","90","S","1,0","6","6","3","","4F","90","90","S","0,8","6","5","2","0","4F","67,5","67,5","S","1,0","6","6","5","0","","","","","","","","","","4F","45","45","S","1,0","5","5","4","0","4F","223,2","223,2","S","1,0","6","6","3","0","","","","","","","","","","","","","","","","","","","","","","","","","","","","","","","","","","","","","","","","","",""
"18","16","","Pedro","Frau","Spain","Europe","500","","","","","","","","","","1","500","500","S","0,7","7","5","5","0","","","","","","","","","","","","","","","","","","","","","","","","","","","","","","","","","","","","","","","","","","","","","","","","","","","","","","","","","","","","","","","","","","","","","","","","","","","","","",""
"19","17","","Lucas","Vaioli","Argentina","America","493,0","","","","","","","","","","","","","","","","","","","","","","","","","","","","4","243,75","243,75","S","1,0","6","6","3","0","","","","","","","","","","","","","","","","","","","3","37,5","37,5","S","1,0","6","6","5","0","","","","","","","","","","","","","","","","","","","3","210","4","1,7","1,7","1,0","7","7","5","0","","","","",""
"20","18","*","Ricardo","Correia da Silva","Portugal","Europe","487","4F","90","90","S","1,0","6","6","4","","2","300","300","S","0,7","7","5","4","0","4F","67,5","67,5","S","1,0","6","6","4","0","","","","","","","","","","FG","16","10","S","1,0","4","4","2","6","","","","","","","","","","","","","","","","","","","","","","","","","","","","4F","1,8","1,8","S","1,0","4,0","4","2","0","","","4F","0,9","0,9","1,0","5","5","2","0","FG","10,8","","",""
"21","19","","Rodrigo","Maidana","Argentina","America","485,0","","","","","","","","","","","","","","","","","","","","","","","","","","","","2","450","450","S","0,5","6","3","2","0","","","","","","","","","","","","","","","","","","","2","30,0","60","R","0,3","6","2","2","0","1","5,0","10","R","0,3","7,0","2","2","0","","","","","","","","","","","","","","","","","","","","","","","",""
"22","20","*","Antonio","Henriques","Portugal","Europe","479,5","4F","90","90","S","1,0","6","6","3","","","","","","","","","","","4","127,5","127,5","S","1,0","8","8","4","0","","","","","","","","","","FG","16,0","10","S","1,0","4","4","2","6","3","232,5","465","R","0,3","8","2","2","0","","","","","","","","","","","","","","","","","","","4F","1,8","1,8","S","1,0","4,0","4","2","0","","","4F","0,9","0,9","1,0","5","5","2","0","FG","10,8","","",""
"23","21","","Francisco","Santiago","Spain","Europe","403","","","","","","","","","","","","","","","","","","","","","","","","","","","","","","","","","","","","","","","","","","","","","","4","403","403","S","0,9","8","7","5","0","","","","","","","","","","","","","","","","","","","","","","","","","","","","","","","","","","","","","","","","","",""
"24","22","","Benjamín","Di Benedetto","Argentina","America","359,85","","","","","","","","","","","","","","","","","","","","","","","","","","","","4","243,75","243,75","S","1,0","6","6","3","0","","","","","","","","","","4F","111,6","223,2","R","0,2","6","1","1","0","FG","4,5","4,5","S","1,0","3","3","0","0","","","","","","","","","","","","","","","","","","","","","","","","","","","","","","","","",""
"25","23","","Leo","Lindoso","Brazil","America","358,2","","","","","","","","","","","","","","","","","","","","","","","","","","","","4F","135","135","S","1,0","4","4","2","0","","","","","","","","","","4F","223,2","223,2","S","1,0","6","6","4","0","","","","","","","","","","","","","","","","","","","","","","","","","","","","","","","","","","","","","","","","","",""
"25","23","","Leonardo ""Peleo""","Santana","Brazil","America","358,2","","","","","","","","","","","","","","","","","","","","","","","","","","","","4F","135","135","S","1,0","4","4","2","0","","","","","","","","","","4F","223,2","223,2","S","0,8","6","5","3","0","","","","","","","","","","","","","","","","","","","","","","","","","","","","","","","","","","","","","","","","","",""
"26","24","","Hamed","Al-Ahbabi","Qatar","Asia","336,6","","","","","","","","","","4F","90","90","S","1,0","6","6","3","0","","","","","","","","","","4F","135","135","S","1,0","4","4","1","0","","","","","","","","","","4F","111,6","223,2","R","0,3","6","2","2","0","","","","","","","","","","","","","","","","","","","","","","","","","","","","","","","","","","","","","","","","","",""
"27","25","","Gabriel","Soares García","Brazil","America","319,4","","","","","","","","","","4","170","170","S","1,0","7","7","4","0","","","","","","","","","","FG","37,75","33,75","S","1,0","3","3","1","4","","","","","","","","","","4F","111,6","223,2","R","0,3","6","2","2","0","","","","","","","","","","","","","","","","","","","","","","","","","","","","","","","","","","","","","","","","","",""
"28","26","*","Daniel","Matinca","Romania","Europe","300,0","2","300","300","S","0,0","8","","","","","","","","","","","","","","","","","","","","","","","","","","","","","","","","","","","","","","","","","","","","","","","","","","","","","","","","","","","","","","","","","","","","","","","","","","","","","","","","","","","","","","","","","",""
"29","27","","Pablo","Sánchez","Uruguay","America","285,0","","","","","","","","","","","","","","","","","","","","","","","","","","","","3","281,25","281,25","S","1,0","6","6","5","0","","","","","","","","","","","","","","","","","","","","","","","","","","","","3","3,75","3,75","S","1,0","7,0","7","4","0","","","","","","","","","","","","","","","","","","","","","","","",""
"30","28","","Mathias","Aguirre","Uruguay","America","281,3","","","","","","","","","","","","","","","","","","","","","","","","","","","","3","281,25","281,25","S","1,0","6","6","5","0","","","","","","","","","","","","","","","","","","","","","","","","","","","","","","0","S","1,0","7,0","7","4","0","","","","","","","","","","","","","","","","","","","","","","","",""
"31","","","Lisandro","Narbaitz","Argentina","America","274,2","","","","","","","","","","","","","","","","","","","","","","","","","","","","","","","","","","","","","","","","","","","","","","","","","","","","","","","","","","","","","","","","","","","","","","","","","","","","","","","","","","3","210","2","3","3","1,0","7","7","6","0","4F","43,2","4F","18",""
"32","29","*","Mugurel","Vrabie","Romania","Europe","250","1","250","500","R","0,0","8","","","","","","","","","","","","","","","","","","","","","","","","","","","","","","","","","","","","","","","","","","","","","","","","","","","","","","","","","","","","","","","","","","","","","","","","","","","","","","","","","","","","","","","","","",""
"33","","","Toni","Palacios","Spain","Europe","244,0","","","","","","","","","","","","","","","","","","","","","","","","","","","","","","","","","","","","","","","","","","","","","","","","","","","","","","","","","","","","","","","","","","","","","","","","","","","","","","","","","","","","","","","","","","","","2","144","1","100",""
"33","","","Eleazar","Ocaña","Spain","Europe","244,0","","","","","","","","","","","","","","","","","","","","","","","","","","","","","","","","","","","","","","","","","","","","","","","","","","","","","","","","","","","","","","","","","","","","","","","","","","","","","","","","","","","","","","","","","","","","2","144","1","100",""
"34","30","*","Filippo","Lai","Italy","Europe","235,4","4R","45","45","S","1,0","5","5","2","","4F","45","90","R","0,3","6","2","1","0","4R","33,75","33,75","S","1,0","6","6","2","0","","","","","","","","","","","","","","","","","","","4F","111,6","223,2","R","0,3","6","2","2","0","","","","","","","","","","","","","","","","","","","","","","","","","","","","","","","","","","","","","","","","","",""
"35","31","*","Filipe","Santos","Portugal","Europe","217,5","4F","90","90","S","1,0","6","6","3","","","","","","","","","","","4","127,5","127,5","S","1,0","8","8","4","0","","","","","","","","","","","","","","","","","","","","","","","","","","","","","","","","","","","","","","","","","","","","","","","","","","","","","","","","","","","0","1,0","4","4","0","0","","","","",""
"36","32","","David","Vásquez","Ecuador","America","213,8","","","","","","","","","","","","","","","","","","","","","","","","","","","","4F","135","135","S","1,0","4","4","1","0","","","","","","","","","","FG","60,8","55,8","S","1,0","5","5","1","5","4F","18","18","S","1,0","4","4","1","0","","","","","","","","","","","","","","","","","","","","","","","","","","","","","","","","",""
"37","33","*","Mauro","Loddo","Italy","Europe","213,8","4F","90","90","S","1,0","6","6","3","","4F","90","90","S","0,5","6","3","1","0","4R","33,75","33,75","S","1,0","6","6","2","0","","","","","","","","","","","","","","","","","","","","","","","","","","","","","","","","","","","","","","","","","","","","","","","","","","","","","","","","","","","0","1,0","4","4","0","0","","","","",""
"38","34","","André","Neves","Brazil","America","207,8","","","","","","","","","","4","170","170","S","1,0","7","7","4","0","","","","","","","","","","FG","37,75","33,75","S","1,0","3","3","1","4","","","","","","","","","","","","","","","","","","","","","","","","","","","","","","0","S","1,0","7,0","7","4","0","","","","","","","","","","","","","","","","","","","","","","","",""
"39","35","*","Francisco","Prieto","Germany","Europe","205,6","4R","45","45","S","1,0","5","5","1","","4R","45","45","S","1,0","5","5","1","0","4R","33,75","33,75","S","1,0","6","6","2","0","","","","","","","","","","FG","16,0","10","S","1,0","4","4","2","6","FG","65,8","55,8","S","1,0","5","5","2","10","","","","","","","","","","","","","","","","","","","","","","","","","","","","","","","","","","","","","","","","","",""
"40","36","*","Kristtofferson","Miranda","Portugal","Europe","202,5","4F","90","90","S","1,0","6","6","4","","","","","","","","","","","4F","67,5","67,5","S","1,0","6","6","4","0","","","","","","","","","","4F","45","45","S","1,0","5","5","3","0","","","","","","","","","","","","","","","","","","","","","","","","","","","","","","","","","","","","","","","","","","","","","","","","","","",""
"41","37","*","Danilo","Russo","Italy","Europe","201,0","4","170","170","S","1,0","8","8","5","","","","","","","","","","","FG","18","15","S","1,0","4","4","1","3","","","","","","","","","","FG","13,0","10","S","1,0","4","4","1","3","","","","","","","","","","","","","","","","","","","","","","","","","","","","","","","","","","","","","","","","","","","","","","","","","","",""
"42","38","","Mohammed","Al-Salem","Qatar","Asia","198,0","","","","","","","","","","4F","45","90","R","0,3","6","2","2","0","FG","18","15","S","1,0","4","4","1","3","4F","135","135","S","0,8","4","3","1","0","","","","","","","","","","","","","","","","","","","","","","","","","","","","","","0","S","1,0","7,0","7","4","0","","","","","","","","","","","","","","","","","","","","","","","",""
"43","39","","Greg","Van Dijk","Portugal","Europe","188,5","","","","","","","","","","","","","","","","","","","","","","","","","","","","","","","","","","","","","4","85","85","S","1,0","7","7","5","0","","","","","","","","","","","","","","","","","","","","","","","","","","","","4F","1,8","1,8","S","1,0","4,0","4","2","0","4F","100,8","4F","0,9","0,9","1,0","5","5","3","0","","","","",""
"44","","","José","Rodríguez","Spain","Europe","185,25","","","","","","","","","","","","","","","","","","","","","","","","","","","","","","","","","","","","","","","","","","","","","","","","","","","","","","","","","","","","","","","","","","","","","","","","","4","3,25","3,25","S","1,0","6,0","6","4","0","4","182","","","","","","","","","","","","",""
"45","","","Aquiles","Muñoz","Spain","Europe","182,0","","","","","","","","","","","","","","","","","","","","","","","","","","","","","","","","","","","","","","","","","","","","","","","","","","","","","","","","","","","","","","","","","","","","","","","","","","","","","","","","","","4","182","","","","","","","","","","","","",""
"46","40","","Ramiro","Pascuet","Argentina","America","159,4","","","","","","","","","","","","","","","","","","","","","","","","","","","","4","121,875","243,75","R","0,3","6","2","2","0","","","","","","","","","","","","","","","","","","","3","37,5","37,5","S","1,0","6","6","5","0","","","","","","","","","","","","","","","","","","","","","","","","","","","","","","","","",""
"47","41","","Mahmoud","Juma","Kuwait","Asia","155,8","","","","","","","","","","4F","90","90","S","1,0","6","6","2","0","","","","","","","","","","","","","","","","","","","","","","","","","","","","FG","65,8","55,8","S","1,0","5","5","2","10","","","","","","","","","","","","","","","","","","","","","","","","","","","","","","","","","","","","","","","","","",""
"47","41","","Fayez","Almutiri","Kuwait","Asia","155,8","","","","","","","","","","4F","90","90","S","1,0","6","6","2","0","","","","","","","","","","","","","","","","","","","","","","","","","","","","FG","65,8","55,8","S","0,8","5","4","2","10","","","","","","","","","","","","","","","","","","","","","","","","","","","","","","","","","","","","","","","","","",""
"48","42","","Naseb","Al-Abdulla","Qatar","Asia","135,0","","","","","","","","","","","","","","","","","","","","","","","","","","","","4F","135","135","S","0,8","4","3","2","0","","","","","","","","","","","","","","","","","","","","","","","","","","","","","","0","S","1,0","7","7","4","0","","","","","","","","","","","","","","","","","","","","","","","",""
"48","42","","Bryan","Rodríguez","Ecuador","America","135,0","","","","","","","","","","","","","","","","","","","","","","","","","","","","4F","135","135","S","1,0","4","4","1","0","","","","","","","","","","","","","","","","","","","","","","","","","","","","","","0","S","1,0","7,0","7","4","0","","","","","","","","","","","","","","","","","","","","","","","",""
"48","42","","Abdulaziz","Baker","Qatar","Asia","135,0","","","","","","","","","","","","","","","","","","","","","","","","","","","","4F","135","135","S","0,5","4","2","0","0","","","","","","","","","","","","","","","","","","","","","","","","","","","","","","0","S","1,0","7,0","7","4","0","","","","","","","","","","","","","","","","","","","","","","","",""
"49","43","*","Fabio","Argiolas","Italy","Europe","123,75","4R","45","45","S","1,0","5","5","2","","","","","","","","","","","4R","33,75","33,75","S","1,0","6","6","2","0","","","","","","","","","","4F","45","45","S","1,0","5","5","3","0","","","","","","","","","","","","","","","","","","","","","","","","","","","","","","","","","","","","","","","","","","","","","","","","","","",""
"49","43","*","Gianluca","Loddo","Italy","Europe","123,8","4R","45","45","S","1,0","5","5","2","","","","","","","","","","","4R","33,75","33,75","S","1,0","6","6","2","0","","","","","","","","","","4F","45,0","45","S","1,0","5","5","3","0","","","","","","","","","","","","","","","","","","","","","","","","","","","","","","","","","","","","","","","","","","","","","","","","","","",""
"50","","","Helder","Clara","Portugal","Europe","115,5","","","","","","","","","","","","","","","","","","","","","","","","","","","","","","","","","","","","","","","","","","","","","","","","","","","","","","","","","","","","","","","","","","","","","","","","","4F","1,8","1,8","S","1,0","4","4","2","0","4F","100,8","4F","0,9","0,9","1,0","5","5","3","0","FG","12","","",""
"51","44","","Phillippe","Liard","France","Europe","110,8","","","","","","","","","","4R","45","45","S","1,0","5","5","2","0","","","","","","","","","","","","","","","","","","","","","","","","","","","","FG","65,8","55,8","S","1,0","5","5","2","10","","","","","","","","","","","","","","","","","","","","","","","","","","","","","","","","","","","","","","","","","",""
"52","45","*","Fabio","Piras","Italy","Europe","105","4R","45","45","S","1,0","5","5","1","","","","","","","","","","","FG","15","15","S","1,0","4","4","0","0","","","","","","","","","","4F","45","45","S","1,0","5","5","3","0","","","","","","","","","","","","","","","","","","","","","","","","","","","","","","","","","","","","","","","","","","","","","","","","","","",""
"52","45","*","Mauro","Picciau","Italy","Europe","105","4R","45","45","S","1,0","5","5","1","","","","","","","","","","","FG","15","15","S","1,0","4","4","0","0","","","","","","","","","","4F","45","45","S","1,0","5","5","3","0","","","","","","","","","","","","","","","","","","","","","","","","","","","","","","","","","","","","","","","","","","","","","","","","","","",""
"52","45","*","Alain","Van Mieghem","Belgium","Europe","105","4R","45","45","S","1,0","5","5","2","","4R","45","45","S","1,0","5","5","1","0","FG","15","15","S","1,0","4","4","0","0","","","","","","","","","","","","","","","","","","","","","","","","","","","","","","","","","","","","","","","","","","","","","","","","","","","","","","","","","","","0","1,0","4","4","0","0","","","","",""
"53","","","Mauro","Gheorghe","Romania","Europe","104,55","","","","","","","","","","","","","","","","","","","","","","","","","","","","","","","","","","","","","","","","","","","","","","","","","","","","","","","","","","","","","","","","","","","","","","","","","3","3,75","3,75","S","1,0","6,0","6","4","0","4F","100,8","","","","","","","","","","","","",""
"54","","","Fernando","Pérez","Uruguay","America","100,8","","","","","","","","","","","","","","","","","","","","","","","","","","","","","","","","","","","","","","","","","","","","","","","","","","","","","","","","","","","","","","","","","","","","","","","","","","","","","","","","","","4F","100,8","","","","","","","","","","","","",""
"54","","","Agustín","Álvarez","Uruguay","America","100,8","","","","","","","","","","","","","","","","","","","","","","","","","","","","","","","","","","","","","","","","","","","","","","","","","","","","","","","","","","","","","","","","","","","","","","","","","","","","","","","","","","4F","100,8","","","","","","","","","","","","",""
"55","","","Ilinca","Nicusor","Romania","Europe","91,875","","","","","","","","","","","","","","","","","","","","","","","","","","","","","","","","","","","","","","","","","","","","","","","","","","","","","","","","","","","","","","","","","","","","","","","","","3","1,875","3,75","R","1,0","6,0","6","4","0","4F","90","","","","","","","","","","","","",""
"56","","","Josep","Suau","Spain","Europe","90","","","","","","","","","","","","","","","","","","","","","","","","","","","","","","","","","","","","","","","","","","","","","","","","","","","","","","","","","","","","","","","","","","","","","","","","","","","","","","","","","","","","","","","","","","","","3","90","","",""
"56","45","","Zsolt","Bánfalvi ","Hungary","Europe","90","","","","","","","","","","4F","90","90","S","1,0","6","6","3","0","","","","","","","","","","","","","","","","","","","","","","","","","","","","","","","","","","","","","","","","","","","","","","","","","","","","","","","","","","","","","","","","","","","","","","","","","","","","","",""
"56","45","","Béla","Illés","Hungary","Europe","90","","","","","","","","","","4F","90","90","S","1,0","6","6","3","0","","","","","","","","","","","","","","","","","","","","","","","","","","","","","","","","","","","","","","","","","","","","","","","","","","","","","","","","","","","","","","","","","","","","","","","","","","","","","",""
"56","45","","Tamás","Bócz","Hungary","Europe","90","","","","","","","","","","4F","90","90","S","1,0","6","6","3","0","","","","","","","","","","","","","","","","","","","","","","","","","","","","","","","","","","","","","","","","","","","","","","","","","","","","","","","","","","","","","","","","","","","","","","","","","","","","","",""
"56","45","","Norbert","Fazekas","Hungary","Europe","90","","","","","","","","","","4F","90","90","S","1,0","6","6","3","0","","","","","","","","","","","","","","","","","","","","","","","","","","","","","","","","","","","","","","","","","","","","","","","","","","","","","","","","","","","","","","","","","","","","","","","","","","","","","",""
"56","45","","Milán","Faggyas","Hungary","Europe","90","","","","","","","","","","4F","90","90","S","1,0","6","6","3","0","","","","","","","","","","","","","","","","","","","","","","","","","","","","","","","","","","","","","","","","","","","","","","","","","","","","","","","","","","","","","","","","","","","","","","","","","","","","","",""
"56","45","","Roland","Varga","Hungary","Europe","90","","","","","","","","","","4F","90","90","S","1,0","6","6","3","0","","","","","","","","","","","","","","","","","","","","","","","","","","","","","","","","","","","","","","","","","","","","","","","","","","","","","","","","","","","","","","","","","","","","","","","","","","","","","",""
"57","46","*","Damián","Prieto","Germany","Europe","88,8","4R","45","45","S","1,0","5","5","1","","","","","","","","","","","4R","33,75","33,75","S","1,0","6","6","2","0","","","","","","","","","","FG","10","10","S","1,0","4","4","0","0","","","","","","","","","","","","","","","","","","","","","","","","","","","","","","","","","","","","","","","","","0","1,0","4","4","0","0","","","","",""
"58","47","","Gyuri","Garics","Austria","Europe","88,3","","","","","","","","","","4R","22,5","45","R","0,2","5","1","0","0","","","","","","","","","","","","","","","","","","","FG","10","10","S","1,0","4","4","0","0","FG","55,8","55,8","S","1,0","5","5","0","0","","","","","","","","","","","","","","","","","","","","","","","","","","","","","","","","","","","","","","","","","",""
"59","","","Martín","Aguirre","Argentina","America","78","","","","","","","","","","","","","","","","","","","","","","","","","","","","","","","","","","","","","","","","","","","","","","","","","","","","","","","","","","","","","","","","","","","","","","","","","","","","","","","","","","","","","","","","","","","","4","78","","",""
"59","","","Gaspar","Aracil","Argentina","America","78","","","","","","","","","","","","","","","","","","","","","","","","","","","","","","","","","","","","","","","","","","","","","","","","","","","","","","","","","","","","","","","","","","","","","","","","","","","","","","","","","","","","","","","","","","","","4","78","","",""
"60","48","*","Enrico","Murgia","Italy","Europe","73,0","4R","45","45","S","1,0","5","5","0","","","","","","","","","","","FG","15","15","S","1,0","4","4","0","0","","","","","","","","","","FG","13","10","S","1,0","4","4","1","3","","","","","","","","","","","","","","","","","","","","","","","","","","","","","","","","","","","","","","","","","","","","","","","","","","",""
"60","48","*","Carlo","Callai","Italy","Europe","73,0","4R","45","45","S","1,0","5","5","0","","","","","","","","","","","FG","15","15","S","1,0","4","4","0","0","","","","","","","","","","FG","13","10","S","1,0","4","4","1","3","","","","","","","","","","","","","","","","","","","","","","","","","","","","","","","","","","","","","","","","","","","","","","","","","","",""
"61","49","","Pablo","Salinas","Bolivia","America","70,8","","","","","","","","","","","","","","","","","","","","","","","","","","","","","","","","","","","","","","","","","","","","","","FG","70,8","55,8","S","1,0","5","5","3","15","","","","","","","","","","","","","","","","","","","","","","","","","","","","","","","","","","","","","","","","","",""
"61","49","","Luis ""Bubu""","Salinas","Bolivia","America","70,8","","","","","","","","","","","","","","","","","","","","","","","","","","","","","","","","","","","","","","","","","","","","","","FG","70,8","55,8","S","1,0","5","5","3","15","","","","","","","","","","","","","","","","","","","","","","","","","","","","","","","","","","","","","","","","","",""
"62","50","*","Vito","Tedeschi","Italy","Europe","69,75","FG","20","20","S","1,0","4","4","0","","","","","","","","","","","4R","33,75","33,75","S","1,0","6","6","2","0","","","","","","","","","","FG","16","10","S","1,0","4","4","2","6","","","","","","","","","","","","","","","","","","","","","","","","","","","","","","","","","","","","","","","","","","","","","","","","","","",""
"63","51","","Aurelian","Surd","Romania","Europe","67,5","","","","","","","","","","","","","","","","","","","4F","67,5","67,5","S","1,0","6","6","3","0","","","","","","","","","","","","","","","","","","","","","","","","","","","","","","","","","","","","","","","","","","","","","","","","","","","","","","","","","","","0","1,0","4","4","0","0","","","","",""
"64","52","","Julien","Grondin","France","Europe","65,8","","","","","","","","","","","","","","","","","","","","","","","","","","","","","","","","","","","","","","","","","","","","","","FG","65,8","55,8","S","1,0","5","5","2","10","","","","","","","","","","","","","","","","","","","","","","","","","","","","","","","","","","","","","","","","","",""
"64","52","","Diego","Triviño","Germany","Europe","65,8","","","","","","","","","","","","","","","","","","","","","","","","","","","","","","","","","","","","","","","","","","","","","","FG","65,8","55,8","S","1,0","5","5","2","10","","","","","","","","","","","","","","","","","","","","","","","","","","","","","","","","","","","","","","","","","",""
"64","52","","Basel","Almulla","Kuwait","Asia","65,8","","","","","","","","","","","","","","","","","","","","","","","","","","","","","","","","","","","","","","","","","","","","","","FG","65,8","55,8","S","0,8","5","4","2","10","","","","","","","","","","","","","","","","","","","","","","","","","","","","","","","","","","","","","","","","","",""
"65","53","","Saif","Al Hammadi","UAE","Asia","60,8","","","","","","","","","","","","","","","","","","","","","","","","","","","","","","","","","","","","","","","","","","","","","","FG","60,8","55,8","S","1,0","5","5","1","5","","","","","","","","","","","","","","","","","","","","","","","","","","","","","","","","","","","","","","","","","",""
"65","53","","Paty","Nardi","Ecuador","America","60,8","","","","","","","","","","","","","","","","","","","","","","","","","","","","","","","","","","","","","","","","","","","","","","FG","60,8","55,8","S","1,0","5","5","1","5","","","","","","","","","","","","","","","","","","","","","","","","","","","","","","","","","","","","","","","","","",""
"65","53","","Omar","Shahin","Egypt","Africa","60,8","","","","","","","","","","","","","","","","","","","","","","","","","","","","","","","","","","","","","","","","","","","","","","FG","60,8","55,8","S","1,0","5","5","1","5","","","","","","","","","","","","","","","","","","","","","","","","","","","","","","","","","","","","","","","","","",""
"65","53","","Khalid","Al Ali","UAE","Asia","60,8","","","","","","","","","","","","","","","","","","","","","","","","","","","","","","","","","","","","","","","","","","","","","","FG","60,8","55,8","S","1,0","5","5","1","5","","","","","","","","","","","","","","","","","","","","","","","","","","","","","","","","","","","","","","","","","",""
"65","53","","Aly","Galal","Egypt","Africa","60,8","","","","","","","","","","","","","","","","","","","","","","","","","","","","","","","","","","","","","","","","","","","","","","FG","60,8","55,8","S","1,0","5","5","1","5","","","","","","","","","","","","","","","","","","","","","","","","","","","","","","","","","","","","","","","","","",""
"65","53","","Hassan","Bamby","Egypt","Africa","60,8","","","","","","","","","","","","","","","","","","","","","","","","","","","","","","","","","","","","","","","","","","","","","","FG","60,8","55,8","S","0,6","5","3","1","5","","","","","","","","","","","","","","","","","","","","","","","","","","","","","","","","","","","","","","","","","",""
"65","53","","Ali","Al Hammadi","UAE","Asia","60,8","","","","","","","","","","","","","","","","","","","","","","","","","","","","","","","","","","","","","","","","","","","","","","FG","60,8","55,8","S","1,0","5","5","1","5","","","","","","","","","","","","","","","","","","","","","","","","","","","","","","","","","","","","","","","","","",""
"66","","","Kan","Saiz","Spain","Europe","60","","","","","","","","","","","","","","","","","","","","","","","","","","","","","","","","","","","","","","","","","","","","","","","","","","","","","","","","","","","","","","","","","","","","","","","","","","","","","","","","","","","","","","","","","","","","","","2","60",""
"66","","","Claudio","Rodríguez","Spain","Europe","60","","","","","","","","","","","","","","","","","","","","","","","","","","","","","","","","","","","","","","","","","","","","","","","","","","","","","","","","","","","","","","","","","","","","","","","","","","","","","","","","","","","","","","","","","","","","","","2","60",""
"66","54","","Bruno","Generoso","Germany","Europe","60","","","","","","","","","","4R","45","45","S","0,6","5","3","0","0","FG","15","15","S","1,0","4","4","0","0","","","","","","","","","","","","","","","","","","","","","","","","","","","","","","","","","","","","","","","","","","","","","","","","","","","","","","","","","","","0","1,0","4","4","0","0","","","","",""
"66","54","","Siem","Adriaenssens","Belgium","Europe","60","","","","","","","","","","4R","45","45","S","1,0","5","5","1","0","FG","15","15","S","1,0","4","4","0","0","","","","","","","","","","","","","","","","","","","","","","","","","","","","","","","","","","","","","","","","","","","","","","","","","","","","","","","","","","","0","1,0","4","4","0","0","","","","",""
"67","55","","Mestre","Botta","Paraguay","America","55,8","","","","","","","","","","","","","","","","","","","","","","","","","","","","","","","","","","","","","","","","","","","","","","FG","55,8","55,8","S","1,0","5","5","0","0","","","","","","","","","","","","","","","","","","","","","","","","","","","","","","","","","","","","","","","","","",""
"67","55","","Joao","Cassiano","Paraguay","America","55,8","","","","","","","","","","","","","","","","","","","","","","","","","","","","","","","","","","","","","","","","","","","","","","FG","55,8","55,8","S","1,0","5","5","0","0","","","","","","","","","","","","","","","","","","","","","","","","","","","","","","","","","","","","","","","","","",""
"67","55","","Danny","Campion","UK","Europe","55,8","","","","","","","","","","","","","","","","","","","","","","","","","","","","","","","","","","","","","","","","","","","","","","FG","55,8","55,8","S","1,0","5","5","0","0","","","","","","","","","","","","","","","","","","","","","","","","","","","","","","","","","","","","","","","","","",""
"67","55","","David","Rodríguez","Austria","Europe","55,8","","","","","","","","","","","","","","","","","","","","","","","","","","","","","","","","","","","","","","","","","","","","","","FG","55,8","55,8","S","1,0","5","5","0","0","","","","","","","","","","","","","","","","","","","","","","","","","","","","","","","","","","","","","","","","","",""
"67","55","","Katie","Chapman","UK","Europe","55,8","","","","","","","","","","","","","","","","","","","","","","","","","","","","","","","","","","","","","","","","","","","","","","FG","55,8","55,8","S","0,8","5","4","0","0","","","","","","","","","","","","","","","","","","","","","","","","","","","","","","","","","","","","","","","","","",""
"68","56","","Facundo","Solve","Paraguay","America","51,75","","","","","","","","","","","","","","","","","","","","","","","","","","","","FG","33,75","33,75","S","1,0","3","3","0","0","","","","","","","","","","","","","","","","","","","4F","18","18","S","1,0","4","4","2","0","","","","","","","","","","","","","","","","","","","","","","","","","","","","","","","","",""
"69","57","*","Mario","Piras","Italy","Europe","51,0","FG","20","20","S","1,0","4","4","0","","","","","","","","","","","FG","15","15","S","1,0","4","4","0","0","","","","","","","","","","FG","16","10","S","1,0","4","4","2","6","","","","","","","","","","","","","","","","","","","","","","","","","","","","","","","","","","","","","","","","","","","","","","","","","","",""
"69","57","*","Gigi","Carpinelli","Italy","Europe","51,0","FG","20","20","S","1,0","4","4","0","","","","","","","","","","","FG","18","15","S","1,0","4","4","1","3","","","","","","","","","","FG","13","10","S","1,0","4","4","1","3","","","","","","","","","","","","","","","","","","","","","","","","","","","","","","","","","","","","","","","","","","","","","","","","","","",""
"70","58","","Dario","Dumas","Italy","Europe","49,8","","","","","","","","","","","","","","","","","","","4R","33,75","33,75","S","1,0","6","6","2","0","","","","","","","","","","FG","16,0","10","S","1,0","4","4","2","6","","","","","","","","","","","","","","","","","","","","","","","","","","","","","","","","","","","","","","","","","","","","","","","","","","",""
"71","","","Nicolás","Bella","Uruguay","America","48,6","","","","","","","","","","","","","","","","","","","","","","","","","","","","","","","","","","","","","","","","","","","","","","","","","","","","","","","","","","","","","","","","","","","","","","","","","","","","","","","","","","","","4F","0,9","0,9","1,0","5","5","3","0","4F","43,2","FG","4,5",""
"72","","","Mauro","Morezzi","Italy","Europe","47,7","","","","","","","","","","","","","","","","","","","","","","","","","","","","","","","","","","","","","","","","","","","","","","","","","","","","","","","","","","","","","","","","","","","","","","","","","","","","","","","","","","","","","","","","","","","","4F","43,2","FG","4,5",""
"72","","","Marcelo","Capurro","Uruguay","America","47,7","","","","","","","","","","","","","","","","","","","","","","","","","","","","","","","","","","","","","","","","","","","","","","","","","","","","","","","","","","","","","","","","","","","","","","","","","","","","","","","","","","","","","","","","","","","","4F","43,2","FG","4,5",""
"73","59","","Mathieu","Debuchy","France","Europe","45,0","","","","","","","","","","4R","45","45","S","1,0","5","5","2","0","","","","","","","","","","","","","","","","","","","","","","","","","","","","","","","","","","","","","","","","","","","","","","","","","","","","","","","","","","","","","","","","","","","","","","","","","","","","","",""
"73","59","","Yannik","Frenzel","Germany","Europe","45,0","","","","","","","","","","4R","45","45","S","0,8","5","4","1","0","","","","","","","","","","","","","","","","","","","","","","","","","","","","","","","","","","","","","","","","","","","","","","","","","","","","","","","","","","","","","","","","","","","","","","","","","","","","","",""
"73","59","","Alexander","Hamm","Austria","Europe","45,0","","","","","","","","","","4R","45","45","S","1,0","5","5","0","0","","","","","","","","","","","","","","","","","","","","","","","","","","","","","","","","","","","","","","","","","","","","","","","","","","","","","","","","","","","","","","","","","","","","","","","","","","","","","",""
"73","59","","Gökhan","Ünver","Austria","Europe","45,0","","","","","","","","","","4R","45","45","S","0,8","5","4","0","0","","","","","","","","","","","","","","","","","","","","","","","","","","","","","","","","","","","","","","","","","","","","","","","","","","","","","","","","","","","","","","","","","","","","","","","","","","","","","",""
"73","59","*","","Bardini","Italy","Europe","45,0","4R","45","45","S","1,0","5","5","0","","","","","","","","","","","","","","","","","","","","","","","","","","","","","","","","","","","","","","","","","","","","","","","","","","","","","","","","","","","","","","","","","","","","","","","","","","","","","","","","","","","","","","","",""
"73","59","*","Gabriele","Ricciarini","Italy","Europe","45,0","4R","45","45","S","1,0","5","5","0","","","","","","","","","","","","","","","","","","","","","","","","","","","","","","","","","","","","","","","","","","","","","","","","","","","","","","","","","","","","","","","","","","","","","","","","","","","","","","","","","","","","","","","",""
"73","59","*","","Van Mieghem","Belgium","Europe","45,0","4R","45","45","S","1,0","5","5","2","","","","","","","","","","","","","","","","","","","","","","","","","","","","","","","","","","","","","","","","","","","","","","","","","","","","","","","","","","","","","","","","","","","","","","","","","","","","","","","","","","","","","","","",""
"73","59","*","Alessandro","Tilli","Italy","Europe","45,0","4R","45","45","S","1,0","5","5","1","","","","","","","","","","","","","","","","","","","","","","","","","","","","","","","","","","","","","","","","","","","","","","","","","","","","","","","","","","","","","","","","","","","","","","","","","","","","","","","","","","","","","","","",""
"73","59","*","Arcangelo","Rinelli","Italy","Europe","45,0","4R","45","45","S","1,0","5","5","1","","","","","","","","","","","","","","","","","","","","","","","","","","","","","","","","","","","","","","","","","","","","","","","","","","","","","","","","","","","","","","","","","","","","","","","","","","","","","","","","","","","","","","","",""
"73","59","*","Daniel","Zara","Italy","Europe","45,0","4R","45","45","S","1,0","5","5","2","","","","","","","","","","","","","","","","","","","","","","","","","","","","","","","","","","","","","","","","","","","","","","","","","","","","","","","","","","","","","","","","","","","","","","","","","","","","","","","","","","","","","","","",""
"74","","","Antonio","Minchillo","Italy","Europe","43,4","","","","","","","","","","","","","","","","","","","","","","","","","","","","","","","","","","","","","","","","","","","","","","","","","","","","","","","","","","","","","","","","","","","","","","","","","","","","","","","","","","","","FG","0,23","0,2","1,0","4","4","1","0,03","4F","43,2","","",""
"75","","","Lorenzo","Giorgiucci","Italy","Europe","43,2","","","","","","","","","","","","","","","","","","","","","","","","","","","","","","","","","","","","","","","","","","","","","","","","","","","","","","","","","","","","","","","","","","","","","","","","","","","","","","","","","","","","","","","","","","","","4F","43,2","","",""
"75","","","Andrea","Lanzi","Italy","Europe","43,2","","","","","","","","","","","","","","","","","","","","","","","","","","","","","","","","","","","","","","","","","","","","","","","","","","","","","","","","","","","","","","","","","","","","","","","","","","","","","","","","","","","","","","","","","","","","4F","43,2","","",""
"76","","","JuanGe","Corro","Mexico","America","38,0","","","","","","","","","","","","","","","","","","","","","","","","","","","","","","","","","","","","","","","","","","","","","","","","","","","","","","","","","","","","","","","","","","","","","","","","","","","","","","","","","","FG","26,6","","","","","","","","","FG","11,4","","",""
"76","","","Edgar","Landa","Mexico","America","38,0","","","","","","","","","","","","","","","","","","","","","","","","","","","","","","","","","","","","","","","","","","","","","","","","","","","","","","","","","","","","","","","","","","","","","","","","","","","","","","","","","","FG","26,6","","","","","","","","","FG","11,4","","",""
"77","","","Juanma","Bernabé","Spain","Europe","37,5","","","","","","","","","","","","","","","","","","","","","","","","","","","","","","","","","","","","","","","","","","","","","","","","","","","","","","","","","","","","","","","","","","","","","","","","","","","","","","","","","","","","","","","","","","","","","","3","37,5",""
"77","","","Martín","Macia","Spain","Europe","37,5","","","","","","","","","","","","","","","","","","","","","","","","","","","","","","","","","","","","","","","","","","","","","","","","","","","","","","","","","","","","","","","","","","","","","","","","","","","","","","","","","","","","","","","","","","","","","","3","37,5",""
"78","","","Diego","Peña","Mexico","America","37,4","","","","","","","","","","","","","","","","","","","","","","","","","","","","","","","","","","","","","","","","","","","","","","","","","","","","","","","","","","","","","","","","","","","","","","","","","","","","","","","","","","FG","26,6","","","","","","","","","FG","10,8","","",""
"79","60","*","Giacomo ","Zago","Italy","Europe","36","FG","20","20","S","1,0","4","4","0","","","","","","","","","","","","","","","","","","","","","","","","","","","","","FG","16","10","S","1,0","4","4","2","6","","","","","","","","","","","","","","","","","","","","","","","","","","","","","","","","","","","","","","","","","","","","","","","","","","",""
"80","61","","Pablo","Carnavalini","Argentina","America","33,8","","","","","","","","","","","","","","","","","","","","","","","","","","","","FG","33,75","33,75","S","1,0","3","3","0","0","","","","","","","","","","","","","","","","","","","","","","","","","","","","","","0","S","1,0","7,0","7","4","0","","","","","","","","","","","","","","","","","","","","","","","",""
"80","61","","Nicolás","Zuccaro","Argentina","America","33,8","","","","","","","","","","","","","","","","","","","","","","","","","","","","FG","33,75","33,75","S","1,0","3","3","0","0","","","","","","","","","","","","","","","","","","","","","","","","","","","","","","0","S","1,0","7,0","7","4","0","","","","","","","","","","","","","","","","","","","","","","","",""
"80","61","","Fernando","Hornos","Colombia","America","33,8","","","","","","","","","","","","","","","","","","","","","","","","","","","","FG","33,75","33,75","S","1,0","3","3","0","0","","","","","","","","","","","","","","","","","","","","","","","","","","","","","","0","S","1,0","7,0","7","4","0","","","","","","","","","","","","","","","","","","","","","","","",""
"80","61","","Emiliano","Piedrabuena","Colombia","America","33,8","","","","","","","","","","","","","","","","","","","","","","","","","","","","FG","33,75","33,75","S","1,0","3","3","0","0","","","","","","","","","","","","","","","","","","","","","","","","","","","","","","0","S","1,0","7,0","7","4","0","","","","","","","","","","","","","","","","","","","","","","","",""
"80","61","","Alfredo","","Colombia","America","33,8","","","","","","","","","","","","","","","","","","","","","","","","","","","","FG","33,75","33,75","S","0,7","3","2","0","0","","","","","","","","","","","","","","","","","","","","","","","","","","","","","","0","S","1,0","7","7","4","0","","","","","","","","","","","","","","","","","","","","","","","",""
"80","61","","Mariano","Nadal","Paraguay","America","33,8","","","","","","","","","","","","","","","","","","","","","","","","","","","","FG","33,75","33,75","S","1,0","3","3","0","0","","","","","","","","","","","","","","","","","","","","","","","","","","","","","","0","S","1,0","7","7","4","0","","","","","","","","","","","","","","","","","","","","","","","",""
"81","","","Horacio","Melgarejo","Spain","Europe","32,5","","","","","","","","","","","","","","","","","","","","","","","","","","","","","","","","","","","","","","","","","","","","","","","","","","","","","","","","","","","","","","","","","","","","","","","","","","","","","","","","","","","","","","","","","","","","","","4","32,5",""
"81","","","Gastón","Prado","Spain","Europe","32,5","","","","","","","","","","","","","","","","","","","","","","","","","","","","","","","","","","","","","","","","","","","","","","","","","","","","","","","","","","","","","","","","","","","","","","","","","","","","","","","","","","","","","","","","","","","","","","4","32,5",""
"81","","","Meyson","Moreno","Bolivia","America","32,5","","","","","","","","","","","","","","","","","","","","","","","","","","","","","","","","","","","","","","","","","","","","","","","","","","","","","","","4","32,5","32,5","S","1,0","6","6","4","0","","","","","","","","","","","","","","","","","","","","","","","","","","","","","","","","",""
"81","","","Mervin","Moreno","Bolivia","America","32,5","","","","","","","","","","","","","","","","","","","","","","","","","","","","","","","","","","","","","","","","","","","","","","","","","","","","","","","4","32,5","32,5","S","1,0","6","6","4","0","","","","","","","","","","","","","","","","","","","","","","","","","","","","","","","","",""
"82","62","*","Mattia","Rais","Italy","Europe","30,0","FG","20","20","S","1,0","4","4","0","","","","","","","","","","","","","","","","","","","","","","","","","","","","","FG","10","10","S","1,0","4","4","0","0","","","","","","","","","","","","","","","","","","","","","","","","","","","","","","","","","","","","","","","","","","","","","","","","","","",""
"82","62","*","Claudio","Fiori","Italy","Europe","30,0","FG","20","20","S","1,0","4","4","0","","","","","","","","","","","","","","","","","","","","","","","","","","","","","FG","10","10","S","1,0","4","4","0","0","","","","","","","","","","","","","","","","","","","","","","","","","","","","","","","","","","","","","","","","","","","","","","","","","","",""
"83","","","Ionut","Balaban ","Romania","Europe","28,6","","","","","","","","","","","","","","","","","","","","","","","","","","","","","","","","","","","","","","","","","","","","","","","","","","","","","","","","","","","","","","","","","","","","","","","","","4F","1,8","1,8","S","1,0","4,0","4","2","0","FG","26,6","FG","0,23","0,2","1,0","4","4","1","0,03","","","","",""
"84","","","José ","Lopez Pedraza","Switzerland/Spain","Europe","28,5","","","","","","","","","","","","","","","","","","","","","","","","","","","","","","","","","","","","","","","","","","","","","","","","","","","","","","","","","","","","","","","","","","","","","","","","","4","3,3","3,25","S","1,0","6,0","6","4","0","FG","25,2","","","","","","","","","","","","",""
"85","","","Robert","Gherghisan","Romania","Europe","28,4","","","","","","","","","","","","","","","","","","","","","","","","","","","","","","","","","","","","","","","","","","","","","","","","","","","","","","","","","","","","","","","","","","","","","","","","","4F","1,8","1,8","S","1,0","4,0","4","2","0","FG","26,6","","","","","","","","","","","","",""
"86","63","","Jamie","Clarke","UK","Europe","27,9","","","","","","","","","","","","","","","","","","","","","","","","","","","","","","","","","","","","","","","","","","","","","","FG","27,9","55,8","R","0,2","5","1","0","0","","","","","","","","","","","","","","","","","","","","","","","","","","","","","","","","","","","","","","","","","",""
"87","","","David","Elhaik","France","Europe","27,0","","","","","","","","","","","","","","","","","","","","","","","","","","","","","","","","","","","","","","","","","","","","","","","","","","","","","","","","","","","","","","","","","","","","","","","","","4F","1,8","1,8","S","1,0","4,0","4","3","0","FG","25,2","","","","","","","","","","","","",""
"87","","","Eric","Jecker","France","Europe","27,0","","","","","","","","","","","","","","","","","","","","","","","","","","","","","","","","","","","","","","","","","","","","","","","","","","","","","","","","","","","","","","","","","","","","","","","","","4F","1,8","1,8","S","1,0","4,0","4","3","0","FG","25,2","","","","","","","","","","","","",""
"88","","","Jesus","de León Jimenez","Mexico","America","26,6","","","","","","","","","","","","","","","","","","","","","","","","","","","","","","","","","","","","","","","","","","","","","","","","","","","","","","","","","","","","","","","","","","","","","","","","","","","","","","","","","","FG","26,6","","","","","","","","","","","","",""
"88","","","","Auge","France","Europe","26,6","","","","","","","","","","","","","","","","","","","","","","","","","","","","","","","","","","","","","","","","","","","","","","","","","","","","","","","","","","","","","","","","","","","","","","","","","","","","","","","","","","FG","26,6","","","","","","","","","","","","",""
"88","","","Guillaume","Ortis","France","Europe","26,6","","","","","","","","","","","","","","","","","","","","","","","","","","","","","","","","","","","","","","","","","","","","","","","","","","","","","","","","","","","","","","","","","","","","","","","","","","","","","","","","","","FG","26,6","","","","","","","","","","","","",""
"89","","","Gastón ","Elsasser","Switzerland","Europe","25,4","","","","","","","","","","","","","","","","","","","","","","","","","","","","","","","","","","","","","","","","","","","","","","","","","","","","","","","","","","","","","","","","","","","","","","","","","","","","","","","","","","FG","25,2","FG","0,2","0,2","1,0","4","4","0","0","","","","",""
"90","","","Edu","Arretche","Brazil","America","25,2","","","","","","","","","","","","","","","","","","","","","","","","","","","","","","","","","","","","","","","","","","","","","","","","","","","","","","","","","","","","","","","","","","","","","","","","","","","","","","","","","","FG","25,2","","","","","","","","","","","","",""
"90","","","Maximiliano","Echenique","Brazil","America","25,2","","","","","","","","","","","","","","","","","","","","","","","","","","","","","","","","","","","","","","","","","","","","","","","","","","","","","","","","","","","","","","","","","","","","","","","","","","","","","","","","","","FG","25,2","","","","","","","","","","","","",""
"90","","","Christian","Quintero","Panama","America","25,2","","","","","","","","","","","","","","","","","","","","","","","","","","","","","","","","","","","","","","","","","","","","","","","","","","","","","","","","","","","","","","","","","","","","","","","","","","","","","","","","","","FG","25,2","","","","","","","","","","","","",""
"90","","","Ricardo","Vasquez","Panama","America","25,2","","","","","","","","","","","","","","","","","","","","","","","","","","","","","","","","","","","","","","","","","","","","","","","","","","","","","","","","","","","","","","","","","","","","","","","","","","","","","","","","","","FG","25,2","","","","","","","","","","","","",""
"91","64","*","Giulio","Curreli","Italy","Europe","20","FG","20","20","S","1,0","4","4","0","","","","","","","","","","","","","","","","","","","","","","","","","","","","","","","","","","","","","","","","","","","","","","","","","","","","","","","","","","","","","","","","","","","","","","","","","","","","","","","","","","","","","","","",""
"91","64","*","Abdulla","Al Mutawah","Qatar","Asia","20","FG","20","20","S","1,0","4","4","0","","","","","","","","","","","","","","","","","","","","","","","","","","","","","","","","","","","","","","","","","","","","","","","","","","","","","","","","","","","","","","","","","","","","","","","","","","","","","","","","","","","","","","","",""
"92","65","","Saud","Younis","Qatar","Asia","18,0","","","","","","","","","","","","","","","","","","","FG","18","15","S","1,0","4","4","1","3","","","","","","","","","","","","","","","","","","","","","","","","","","","","","","","","","","","","","","","","","","","","","","","","","","","","","","","","","","","0","1,0","4","4","0","0","","","","",""
"92","65","","Borja","Alonso Rodríguez","Spain","Europe","18,0","","","","","","","","","","","","","","","","","","","FG","18","15","S","1,0","4","4","1","3","","","","","","","","","","","","","","","","","","","","","","","","","","","","","","","","","","","","","","","","","","","","","","","","","","","","","","","","","","","0","1,0","4","4","0","0","","","","",""
"92","65","","Manuel","Sánchez Poncela","Spain","Europe","18,0","","","","","","","","","","","","","","","","","","","FG","18","15","S","1,0","4","4","1","3","","","","","","","","","","","","","","","","","","","","","","","","","","","","","","","","","","","","","","","","","","","","","","","","","","","","","","","","","","","0","1,0","4","4","0","0","","","","",""
"92","","","Jeremías","Zaragoza","Argentina","America","18,0","","","","","","","","","","","","","","","","","","","","","","","","","","","","","","","","","","","","","","","","","","","","","","","","","","","","","","","","","","","","","","","","","","","","","","","","","","","","","","","","","","","","","","","","","","","","","","4F","18",""
"92","","","","Maldonado","Spain","Europe","18","","","","","","","","","","","","","","","","","","","","","","","","","","","","","","","","","","","","","","","","","","","","","","","","","","","","","","","","","","","","","","","","","","","","","","","","","","","","","","","","","","","","","","","","","","","","","","4F","18",""
"92","","","","Criado","Spain","Europe","18,0","","","","","","","","","","","","","","","","","","","","","","","","","","","","","","","","","","","","","","","","","","","","","","","","","","","","","","","","","","","","","","","","","","","","","","","","","","","","","","","","","","","","","","","","","","","","","","4F","18",""
"92","","","","Touron","Argentina","America","18,0","","","","","","","","","","","","","","","","","","","","","","","","","","","","","","","","","","","","","","","","","","","","","","","","","","","","","","","","","","","","","","","","","","","","","","","","","","","","","","","","","","","","","","","","","","","","","","4F","18",""
"92","","","","Barry","Argentina","America","18","","","","","","","","","","","","","","","","","","","","","","","","","","","","","","","","","","","","","","","","","","","","","","","","","","","","","","","","","","","","","","","","","","","","","","","","","","","","","","","","","","","","","","","","","","","","","","4F","18",""
"92","","","Sebastián","Baquero","Colombia","America","18","","","","","","","","","","","","","","","","","","","","","","","","","","","","","","","","","","","","","","","","","","","","","","","","","","","","","","","4F","18","18","S","1,0","4","4","2","0","","","","","","","","","","","","","","","","","","","","","","","","","","","","","","","","",""
"92","","","Micael","Scaramelli","Chile","America","18,0","","","","","","","","","","","","","","","","","","","","","","","","","","","","","","","","","","","","","","","","","","","","","","","","","","","","","","","4F","18","18","S","1,0","4","4","1","0","","","","","","","","","","","","","","","","","","","","","","","","","","","","","","","","",""
"92","","","Juan Carlos","Arbelaez","Colombia","America","18,0","","","","","","","","","","","","","","","","","","","","","","","","","","","","","","","","","","","","","","","","","","","","","","","","","","","","","","","4F","18,00","18","S","1,0","4","4","2","0","","","","","","","","","","","","","","","","","","","","","","","","","","","","","","","","",""
"92","","","Gianluca","Mussoto","Chile","America","18,0","","","","","","","","","","","","","","","","","","","","","","","","","","","","","","","","","","","","","","","","","","","","","","","","","","","","","","","4F","18","18","S","1,0","4","4","1","0","","","","","","","","","","","","","","","","","","","","","","","","","","","","","","","","",""
"92","","","Gabriel","Vasquez","Ecuador","America","18,0","","","","","","","","","","","","","","","","","","","","","","","","","","","","","","","","","","","","","","","","","","","","","","","","","","","","","","","4F","18,0","18","S","1,0","4","4","1","0","","","","","","","","","","","","","","","","","","","","","","","","","","","","","","","","",""
"92","","","Fernando","Marinelli","Paraguay","America","18","","","","","","","","","","","","","","","","","","","","","","","","","","","","","","","","","","","","","","","","","","","","","","","","","","","","","","","4F","18","18","S","1,0","4","4","2","0","","","","","","","","","","","","","","","","","","","","","","","","","","","","","","","","",""
"93","66","","Francisco ""Patxo""","Tomás","Germany","Europe","16","","","","","","","","","","","","","","","","","","","","","","","","","","","","","","","","","","","","","FG","16","10","S","1,0","4","4","2","6","","","","","","","","","","","","","","","","","","","","","","","","","","","","","","","","","","","","","","","","","","","","","","","","","","",""
"94","67","","Mattia","Piastra","Italy","Europe","15,0","","","","","","","","","","","","","","","","","","","FG","15","15","S","1,0","4","4","0","0","","","","","","","","","","","","","","","","","","","","","","","","","","","","","","","","","","","","","","","","","","","","","","","","","","","","","","","","","","","0","1,0","4","4","0","0","","","","",""
"94","67","","César","Ortellado","Germany","Europe","15,0","","","","","","","","","","","","","","","","","","","FG","15","15","S","1,0","4","4","0","0","","","","","","","","","","","","","","","","","","","","","","","","","","","","","","","","","","","","","","","","","","","","","","","","","","","","","","","","","","","0","1,0","4","4","0","0","","","","",""
"95","68","","Alessandro","Mura","Italy","Europe","13,0","","","","","","","","","","","","","","","","","","","","","","","","","","","","","","","","","","","","","FG","13","10","S","1,0","4","4","1","3","","","","","","","","","","","","","","","","","","","","","","","","","","","","","","","","","","","","","","","","","","","","","","","","","","",""
"95","68","","Alessio","Cappai","Italy","Europe","13,0","","","","","","","","","","","","","","","","","","","","","","","","","","","","","","","","","","","","","FG","13","10","S","1,0","4","4","1","3","","","","","","","","","","","","","","","","","","","","","","","","","","","","","","","","","","","","","","","","","","","","","","","","","","",""
"95","68","","Pedro","Carrion","Spain","Europe","13","","","","","","","","","","","","","","","","","","","","","","","","","","","","","","","","","","","","","FG","13","10","S","1,0","4","4","1","3","","","","","","","","","","","","","","","","","","","","","","","","","","","","","","","","","","","","","","","","","","","","","","","","","","",""
"95","68","","Manuel","Guerra","Spain","Europe","13","","","","","","","","","","","","","","","","","","","","","","","","","","","","","","","","","","","","","FG","13","10","S","1,0","4","4","1","3","","","","","","","","","","","","","","","","","","","","","","","","","","","","","","","","","","","","","","","","","","","","","","","","","","",""
"96","","","Claudio","Oeiras","Portugal","Europe","12,0","","","","","","","","","","","","","","","","","","","","","","","","","","","","","","","","","","","","","","","","","","","","","","","","","","","","","","","","","","","","","","","","","","","","","","","","","","","","","","","","","","","","","","","","","","","","FG","12","","",""
"97","","","Claudio","Ciferri","Italy","Europe","11,4","","","","","","","","","","","","","","","","","","","","","","","","","","","","","","","","","","","","","","","","","","","","","","","","","","","","","","","","","","","","","","","","","","","","","","","","","","","","","","","","","","","","","","","","","","","","FG","11,4","","",""
"97","","","Claudio","Roscioli","Italy","Europe","11,4","","","","","","","","","","","","","","","","","","","","","","","","","","","","","","","","","","","","","","","","","","","","","","","","","","","","","","","","","","","","","","","","","","","","","","","","","","","","","","","","","","","","","","","","","","","","FG","11,4","","",""
"97","","","","Walker","Sweden","Europe","11,4","","","","","","","","","","","","","","","","","","","","","","","","","","","","","","","","","","","","","","","","","","","","","","","","","","","","","","","","","","","","","","","","","","","","","","","","","","","","","","","","","","","","","","","","","","","","FG","11,4","","",""
"97","","","","Malmberg","Sweden","Europe","11,4","","","","","","","","","","","","","","","","","","","","","","","","","","","","","","","","","","","","","","","","","","","","","","","","","","","","","","","","","","","","","","","","","","","","","","","","","","","","","","","","","","","","","","","","","","","","FG","11,4","","",""
"98","","","","Khepizadeh","Sweden","Europe","10,8","","","","","","","","","","","","","","","","","","","","","","","","","","","","","","","","","","","","","","","","","","","","","","","","","","","","","","","","","","","","","","","","","","","","","","","","","","","","","","","","","","","","","","","","","","","","FG","10,8","","",""
"98","","","","Gustafsson","Sweden","Europe","10,8","","","","","","","","","","","","","","","","","","","","","","","","","","","","","","","","","","","","","","","","","","","","","","","","","","","","","","","","","","","","","","","","","","","","","","","","","","","","","","","","","","","","","","","","","","","","FG","10,8","","",""
"98","","","David","Soto","Mexico","America","10,8","","","","","","","","","","","","","","","","","","","","","","","","","","","","","","","","","","","","","","","","","","","","","","","","","","","","","","","","","","","","","","","","","","","","","","","","","","","","","","","","","","","","","","","","","","","","FG","10,8","","",""
"99","69","","Andrea","Fanni","Italy","Europe","10,0","","","","","","","","","","","","","","","","","","","","","","","","","","","","","","","","","","","","","FG","10","10","S","1,0","4","4","0","0","","","","","","","","","","","","","","","","","","","","","","","","","","","","","","","","","","","","","","","","","","","","","","","","","","",""
"99","69","","Gianluca","Podda","Italy","Europe","10,00","","","","","","","","","","","","","","","","","","","","","","","","","","","","","","","","","","","","","FG","10","10","S","1,0","4","4","0","0","","","","","","","","","","","","","","","","","","","","","","","","","","","","","","","","","","","","","","","","","","","","","","","","","","",""
"99","69","","Diego","Di Gennaro","Italy","Europe","10,0","","","","","","","","","","","","","","","","","","","","","","","","","","","","","","","","","","","","","FG","10,0","10","S","1,0","4","4","0","0","","","","","","","","","","","","","","","","","","","","","","","","","","","","","","","","","","","","","","","","","","","","","","","","","","",""
"99","69","","Gianluca","Saba","Italy","Europe","10,0","","","","","","","","","","","","","","","","","","","","","","","","","","","","","","","","","","","","","FG","10,0","10","S","1,0","4","4","0","0","","","","","","","","","","","","","","","","","","","","","","","","","","","","","","","","","","","","","","","","","","","","","","","","","","",""
"100","","","Iñaki","Iniesta Vicent","Spain","Europe","6,0","","","","","","","","","","","","","","","","","","","","","","","","","","","","","","","","","","","","","","","","","","","","","","","","","","","","","","","","","","","","","","","","","","","","","","","","","2","6,0","6","S","1,0","6,0","6","5","0","","","","","","","","","","","","","","",""
"100","","","Juan","Gil Vicent","Spain","Europe","6","","","","","","","","","","","","","","","","","","","","","","","","","","","","","","","","","","","","","","","","","","","","","","","","","","","","","","","","","","","","","","","","","","","","","","","","","2","6","6","S","1,0","6,0","6","5","0","","","","","","","","","","","","","","",""
"101","","","Pampero","Sobral","Uruguay","America","5,7","","","","","","","","","","","","","","","","","","","","","","","","","","","","","","","","","","","","","","","","","","","","","","","","","","","","","","","","","","","","","","","","","","","","","","","","","","","","","","","","","","","","4F","0,9","0,9","1,0","5","5","3","0","","","FG","4,75",""
"102","70","","Pablo","Acosta","Spain","Europe","5,0","","","","","","","","","","","","","","","","","","","","","","","","","","","","","","","","","","","","","FG","5,00","10","R","0,3","4","1","0","0","","","","","","","","","","","","","","","","","","","","","","","","","","","","","","","","","","","","","","","","","","","","","","","","","","",""
"102","","","Jesús Chus","Almeida","Spain","Europe","5,0","","","","","","","","","","","","","","","","","","","","","","","","","","","","","","","","","","","","","","","","","","","","","","","","","","","","","","","","","","","","","","","","","","","","","","","","","","","","","","","","","","","","1","5","5","1,0","7","7","7","0","","","","",""
"102","","","Jorge","Belza","Spain","Europe","5,0","","","","","","","","","","","","","","","","","","","","","","","","","","","","","","","","","","","","","","","","","","","","","","","","","","","","","","","","","","","","","","","","","","","","","","","","","","","","","","","","","","","","1","5,0","5","1,0","7","7","7","0","","","","",""
"103","","","Nicolás","González","Uruguay","America","4,9","","","","","","","","","","","","","","","","","","","","","","","","","","","","","","","","","","","","","","","","","","","","","","","","","","","","","","","FG","4,9","4,5","S","1,0","3","3","1","0,4","","","","","","","","","","","","","","","","","","","","","","","","","","","","","","","","",""
"103","","","Maximiliano","Pérez","Uruguay","America","4,9","","","","","","","","","","","","","","","","","","","","","","","","","","","","","","","","","","","","","","","","","","","","","","","","","","","","","","","FG","4,9","4,5","S","1,0","3","3","1","0,4","","","","","","","","","","","","","","","","","","","","","","","","","","","","","","","","",""
"104","","","Rafael","Nadal","Argentina","America","4,75","","","","","","","","","","","","","","","","","","","","","","","","","","","","","","","","","","","","","","","","","","","","","","","","","","","","","","","","","","","","","","","","","","","","","","","","","","","","","","","","","","","","","","","","","","","","","","FG","4,75",""
"104","","","Martín","Orlandi","Argentina","America","4,8","","","","","","","","","","","","","","","","","","","","","","","","","","","","","","","","","","","","","","","","","","","","","","","","","","","","","","","","","","","","","","","","","","","","","","","","","","","","","","","","","","","","","","","","","","","","","","FG","4,75",""
"104","","","Marcos","Pérez","Argentina","America","4,8","","","","","","","","","","","","","","","","","","","","","","","","","","","","","","","","","","","","","","","","","","","","","","","","","","","","","","","","","","","","","","","","","","","","","","","","","","","","","","","","","","","","","","","","","","","","","","FG","4,75",""
"104","","","Jonatan","Luquez","Argentina","America","4,75","","","","","","","","","","","","","","","","","","","","","","","","","","","","","","","","","","","","","","","","","","","","","","","","","","","","","","","","","","","","","","","","","","","","","","","","","","","","","","","","","","","","","","","","","","","","","","FG","4,75",""
"104","","","","Martínez","Uruguay","America","4,8","","","","","","","","","","","","","","","","","","","","","","","","","","","","","","","","","","","","","","","","","","","","","","","","","","","","","","","","","","","","","","","","","","","","","","","","","","","","","","","","","","","","","","","","","","","","","","FG","4,75",""
"104","","","Fabian","Canaveris","Uruguay","America","4,8","","","","","","","","","","","","","","","","","","","","","","","","","","","","","","","","","","","","","","","","","","","","","","","","","","","","","","","","","","","","","","","","","","","","","","","","","","","","","","","","","","","","","","","","","","","","","","FG","4,75",""
"104","","","","Cabrera","Uruguay","America","4,8","","","","","","","","","","","","","","","","","","","","","","","","","","","","","","","","","","","","","","","","","","","","","","","","","","","","","","","","","","","","","","","","","","","","","","","","","","","","","","","","","","","","","","","","","","","","","","FG","4,75",""
"104","","","","Britos","Uruguay","America","4,75","","","","","","","","","","","","","","","","","","","","","","","","","","","","","","","","","","","","","","","","","","","","","","","","","","","","","","","","","","","","","","","","","","","","","","","","","","","","","","","","","","","","","","","","","","","","","","FG","4,75",""
"104","","","","Silveira","Uruguay","America","4,8","","","","","","","","","","","","","","","","","","","","","","","","","","","","","","","","","","","","","","","","","","","","","","","","","","","","","","","","","","","","","","","","","","","","","","","","","","","","","","","","","","","","","","","","","","","","","","FG","4,75",""
"105","","","(p)","Martínez","Argentina","America","4,50","","","","","","","","","","","","","","","","","","","","","","","","","","","","","","","","","","","","","","","","","","","","","","","","","","","","","","","","","","","","","","","","","","","","","","","","","","","","","","","","","","","","","","","","","","","","","","FG","4,5",""
"105","","","(h)","Martínez","Argentina","America","4,5","","","","","","","","","","","","","","","","","","","","","","","","","","","","","","","","","","","","","","","","","","","","","","","","","","","","","","","","","","","","","","","","","","","","","","","","","","","","","","","","","","","","","","","","","","","","","","FG","4,5",""
"105","","","","Corsi","Italy","Europe","4,5","","","","","","","","","","","","","","","","","","","","","","","","","","","","","","","","","","","","","","","","","","","","","","","","","","","","","","","","","","","","","","","","","","","","","","","","","","","","","","","","","","","","","","","","","","","","","","FG","4,5",""
"105","","","Pablo","Rodríguez","Chile","America","4,5","","","","","","","","","","","","","","","","","","","","","","","","","","","","","","","","","","","","","","","","","","","","","","","","","","","","","","","FG","4,5","4,5","S","1,0","3","3","0","0","","","","","","","","","","","","","","","","","","","","","","","","","","","","","","","","",""
"105","","","Gonzalo","Gravano","Argentina","America","4,5","","","","","","","","","","","","","","","","","","","","","","","","","","","","","","","","","","","","","","","","","","","","","","","","","","","","","","","FG","4,5","4,5","S","1,0","3","3","0","0","","","","","","","","","","","","","","","","","","","","","","","","","","","","","","","","",""
"105","","","Esteban","Chávez","Chile","America","4,5","","","","","","","","","","","","","","","","","","","","","","","","","","","","","","","","","","","","","","","","","","","","","","","","","","","","","","","FG","4,5","4,5","S","1,0","3","3","0","0","","","","","","","","","","","","","","","","","","","","","","","","","","","","","","","","",""
"105","","","Clemente","Yapur","Chile","America","4,50","","","","","","","","","","","","","","","","","","","","","","","","","","","","","","","","","","","","","","","","","","","","","","","","","","","","","","","FG","4,5","4,5","S","1,0","3","3","0","0","","","","","","","","","","","","","","","","","","","","","","","","","","","","","","","","",""
"105","","","Carlos","Gallegos","Chile","America","4,5","","","","","","","","","","","","","","","","","","","","","","","","","","","","","","","","","","","","","","","","","","","","","","","","","","","","","","","FG","4,5","4,5","S","1,0","3","3","0","0","","","","","","","","","","","","","","","","","","","","","","","","","","","","","","","","",""
"106","","","Alejandro","Roberti","Uruguay","America","3,75","","","","","","","","","","","","","","","","","","","","","","","","","","","","","","","","","","","","","","","","","","","","","","","","","","","","","","","","","","","","","","","","3","3,75","3,75","S","1,0","7,0","7","4","0","","","","","","","","","","","","","","","","","","","","","","","",""
"107","","","","André","Brazil","America","3,3","","","","","","","","","","","","","","","","","","","","","","","","","","","","","","","","","","","","","","","","","","","","","","","","","","","","","","","","","","","","","","","","4","3,3","3,25","S","0,7","7,0","5","2","0","","","","","","","","","","","","","","","","","","","","","","","",""
"107","","","Alexandre","Laranja","Brazil","America","3,3","","","","","","","","","","","","","","","","","","","","","","","","","","","","","","","","","","","","","","","","","","","","","","","","","","","","","","","","","","","","","","","","4","3,3","3,25","S","1,0","7,0","7","2","0","","","","","","","","","","","","","","","","","","","","","","","",""
"108","","","Aitor","Arana","Spain","Europe","1,9","","","","","","","","","","","","","","","","","","","","","","","","","","","","","","","","","","","","","","","","","","","","","","","","","","","","","","","","","","","","","","","","","","","","","","","","","","","","","","","","","","","","3","1,9","1,9","1,0","7","7","5","0","","","","",""
"108","","","Jonatan","Santana","Spain","Europe","1,9","","","","","","","","","","","","","","","","","","","","","","","","","","","","","","","","","","","","","","","","","","","","","","","","","","","","","","","","","","","","","","","","","","","","","","","","","","","","","","","","","","","","3","1,9","1,9","1,0","7","7","5","0","","","","",""
"109","","","Danilo","Caldera","Brazil","America","1,6","","","","","","","","","","","","","","","","","","","","","","","","","","","","","","","","","","","","","","","","","","","","","","","","","","","","","","","","","","","","","","","","4","1,6","3,25","R","0,4","7,0","3","1","0","","","","","","","","","","","","","","","","","","","","","","","",""
"110","","","Dennis","Fransson","Sweden","Europe","1,4","","","","","","","","","","","","","","","","","","","","","","","","","","","","","","","","","","","","","","","","","","","","","","","","","","","","","","","","","","","","","","","","","","","","","","","","","FG","0,5","0,45","S","1,0","3,0","3","1","0,04","","","4F","0,9","0,9","1,0","5","5","2","0","","","","",""
"110","","","Joakim","Frohm ","Sweden","Europe","1,4","","","","","","","","","","","","","","","","","","","","","","","","","","","","","","","","","","","","","","","","","","","","","","","","","","","","","","","","","","","","","","","","","","","","","","","","","FG","0,49","0,45","S","1,0","3,0","3","1","0,04","","","4F","0,9","0,9","1,0","5","5","2","0","","","","",""
"111","","","Renato","Cardona","Paraguay","America","0,5","","","","","","","","","","","","","","","","","","","","","","","","","","","","","","","","","","","","","","","","","","","","","","","","","","","","","","","","","","","","","","","","","0,49","0,45","S","1,0","5,0","5","1","0,04","","","","","","","","","","","","","","","","","","","","","","","",""
"111","","","","Palhinhas","Portugal","Europe","0,5","","","","","","","","","","","","","","","","","","","","","","","","","","","","","","","","","","","","","","","","","","","","","","","","","","","","","","","","","","","","","","","","","","","","","","","","","FG","0,49","0,45","S","1,0","3,0","3","1","0,04","","","","","","","","","","","","","","",""
"111","","","","Ferreira","Portugal","Europe","0,5","","","","","","","","","","","","","","","","","","","","","","","","","","","","","","","","","","","","","","","","","","","","","","","","","","","","","","","","","","","","","","","","","","","","","","","","","FG","0,49","0,45","S","1,0","3,0","3","1","0,04","","","","","","","","","","","","","","",""
"111","","","","Zeilingen","Germany","Europe","0,5","","","","","","","","","","","","","","","","","","","","","","","","","","","","","","","","","","","","","","","","","","","","","","","","","","","","","","","","","","","","","","","","","","","","","","","","","FG","0,49","0,45","S","1,0","3,0","3","1","0,04","","","","","","","","","","","","","","",""
"111","","","","Huber","Germany","Europe","0,49","","","","","","","","","","","","","","","","","","","","","","","","","","","","","","","","","","","","","","","","","","","","","","","","","","","","","","","","","","","","","","","","","","","","","","","","","FG","0,49","0,45","S","1,0","3,0","3","1","0,04","","","","","","","","","","","","","","",""
"111","","","Cristian","Stanescu","Romania","Europe","0,5","","","","","","","","","","","","","","","","","","","","","","","","","","","","","","","","","","","","","","","","","","","","","","","","","","","","","","","","","","","","","","","","","","","","","","","","","FG","0,5","0,45","S","1,0","3,0","3","1","0,04","","","","","","","","","","","","","","",""
"111","","","Carlos","Santo","Paraguay","America","0,49","","","","","","","","","","","","","","","","","","","","","","","","","","","","","","","","","","","","","","","","","","","","","","","","","","","","","","","","","","","","","","","","","0,49","0,45","S","1,0","5","5","1","0,04","","","","","","","","","","","","","","","","","","","","","","","",""
"112","","","","Pedrinho","Brazil","America","0,5","","","","","","","","","","","","","","","","","","","","","","","","","","","","","","","","","","","","","","","","","","","","","","","","","","","","","","","","","","","","","","","","","0,5","0,45","S","1,0","5","5","0","0","","","","","","","","","","","","","","","","","","","","","","","",""
"112","","","","Fabinho","Brazil","America","0,5","","","","","","","","","","","","","","","","","","","","","","","","","","","","","","","","","","","","","","","","","","","","","","","","","","","","","","","","","","","","","","","","","0,45","0,45","S","0,6","5","3","0","0","","","","","","","","","","","","","","","","","","","","","","","",""
"112","","","","Di Nardo","Italy","Europe","0,45","","","","","","","","","","","","","","","","","","","","","","","","","","","","","","","","","","","","","","","","","","","","","","","","","","","","","","","","","","","","","","","","","","","","","","","","","FG","0,45","0,45","S","1,0","3,0","3","0","0","","","","","","","","","","","","","","",""
"112","","","","Cardellini","Italy","Europe","0,45","","","","","","","","","","","","","","","","","","","","","","","","","","","","","","","","","","","","","","","","","","","","","","","","","","","","","","","","","","","","","","","","","","","","","","","","","FG","0,45","0,45","S","1,0","3,0","3","0","0","","","","","","","","","","","","","","",""
"112","","","","de Jonkheere","Belgium","Europe","0,5","","","","","","","","","","","","","","","","","","","","","","","","","","","","","","","","","","","","","","","","","","","","","","","","","","","","","","","","","","","","","","","","","","","","","","","","","FG","0,45","0,45","S","1,0","3,0","3","0","0","","","","","","","","","","","","","","",""
"112","","","","van Holm","Belgium","Europe","0,45","","","","","","","","","","","","","","","","","","","","","","","","","","","","","","","","","","","","","","","","","","","","","","","","","","","","","","","","","","","","","","","","","","","","","","","","","FG","0,45","0,45","S","1,0","3,0","3","0","0","","","","","","","","","","","","","","",""
"112","","","","Geerardy","Belgium","Europe","0,45","","","","","","","","","","","","","","","","","","","","","","","","","","","","","","","","","","","","","","","","","","","","","","","","","","","","","","","","","","","","","","","","","","","","","","","","","FG","0,45","0,45","S","1,0","3,0","3","0","0","","","","","","","","","","","","","","",""
"112","","","","Meesschaert","Belgium","Europe","0,45","","","","","","","","","","","","","","","","","","","","","","","","","","","","","","","","","","","","","","","","","","","","","","","","","","","","","","","","","","","","","","","","","","","","","","","","","FG","0,45","0,45","S","1,0","3,0","3","0","0","","","","","","","","","","","","","","",""
"112","","","","Roberti","France","Europe","0,5","","","","","","","","","","","","","","","","","","","","","","","","","","","","","","","","","","","","","","","","","","","","","","","","","","","","","","","","","","","","","","","","","","","","","","","","","FG","0,45","0,45","S","1,0","3,0","3","0","0","","","","","","","","","","","","","","",""
"112","","","","Touré","France","Europe","0,45","","","","","","","","","","","","","","","","","","","","","","","","","","","","","","","","","","","","","","","","","","","","","","","","","","","","","","","","","","","","","","","","","","","","","","","","","FG","0,45","0,45","S","1,0","3,0","3","0","0","","","","","","","","","","","","","","",""
"113","","","","Maxime","France","Europe","0,2","","","","","","","","","","","","","","","","","","","","","","","","","","","","","","","","","","","","","","","","","","","","","","","","","","","","","","","","","","","","","","","","","","","","","","","","","","","","","","","","","","","","FG","0,2","0,2","1,0","4","4","1","0,03","","","","",""
"113","","","","Vernier","France","Europe","0,23","","","","","","","","","","","","","","","","","","","","","","","","","","","","","","","","","","","","","","","","","","","","","","","","","","","","","","","","","","","","","","","","","","","","","","","","","","","","","","","","","","","","FG","0,23","0,2","1,0","4","4","1","0,03","","","","",""
"113","","","","Dumitrescu","Romania","Europe","0,23","","","","","","","","","","","","","","","","","","","","","","","","","","","","","","","","","","","","","","","","","","","","","","","","","","","","","","","","","","","","","","","","","","","","","","","","","","","","","","","","","","","","FG","0,23","0,2","1,0","4","4","1","0,03","","","","",""
"113","","","","Marian","Romania","Europe","0,23","","","","","","","","","","","","","","","","","","","","","","","","","","","","","","","","","","","","","","","","","","","","","","","","","","","","","","","","","","","","","","","","","","","","","","","","","","","","","","","","","","","","FG","0,23","0,2","1,0","4","4","1","0,03","","","","",""
"113","","","","Rubertá","Italy","Europe","0,23","","","","","","","","","","","","","","","","","","","","","","","","","","","","","","","","","","","","","","","","","","","","","","","","","","","","","","","","","","","","","","","","","","","","","","","","","","","","","","","","","","","","FG","0,23","0,2","1,0","4","4","1","0,03","","","","",""
"113","","","","Aldo","Brazil","America","0,23","","","","","","","","","","","","","","","","","","","","","","","","","","","","","","","","","","","","","","","","","","","","","","","","","","","","","","","","","","","","","","","","","","","","","","","","","","","","","","","","","","","","FG","0,23","0,2","1,0","4","4","1","0,03","","","","",""
"113","","","","Fernando","Brazil","America","0,23","","","","","","","","","","","","","","","","","","","","","","","","","","","","","","","","","","","","","","","","","","","","","","","","","","","","","","","","","","","","","","","","","","","","","","","","","","","","","","","","","","","","FG","0,23","0,2","1,0","4","4","1","0,03","","","","",""
"113","","","","Neaga","Romania","Europe","0,23","","","","","","","","","","","","","","","","","","","","","","","","","","","","","","","","","","","","","","","","","","","","","","","","","","","","","","","","","","","","","","","","","","","","","","","","","","","","","","","","","","","","FG","0,23","0,2","1,0","4","4","1","0,03","","","","",""
"114","","","","Hamilton","Brazil","America","0,225","","","","","","","","","","","","","","","","","","","","","","","","","","","","","","","","","","","","","","","","","","","","","","","","","","","","","","","","","","","","","","","","","0,225","0,45","R","0,6","5","3","0","0","","","","","","","","","","","","","","","","","","","","","","","",""
"115","","","","Schneeberger","Switzerland","Europe","0,2","","","","","","","","","","","","","","","","","","","","","","","","","","","","","","","","","","","","","","","","","","","","","","","","","","","","","","","","","","","","","","","","","","","","","","","","","","","","","","","","","","","","FG","0,2","0,2","1,0","4","4","0","0","","","","",""
"115","","","","Lulic","Switzerland","Europe","0,2","","","","","","","","","","","","","","","","","","","","","","","","","","","","","","","","","","","","","","","","","","","","","","","","","","","","","","","","","","","","","","","","","","","","","","","","","","","","","","","","","","","","FG","0,2","0,2","1,0","4","4","0","0","","","","",""
"115","","","","Messerli","Switzerland","Europe","0,2","","","","","","","","","","","","","","","","","","","","","","","","","","","","","","","","","","","","","","","","","","","","","","","","","","","","","","","","","","","","","","","","","","","","","","","","","","","","","","","","","","","","FG","0,2","0,2","1,0","4","4","0","0","","","","",""